index,screen_name,user_id,tweet_text,length
1,petemongeau,872486509,"Date with the devil, after a full Row and strongman workout at CrossFit Zanshin interval training on the Assault Ru‚Ä¶ ",117
2,petemongeau,872486509,CrossFit Zanshin gets a mention in this weeks journal.  We pride ourselves on protecting the community. ,104
4,petemongeau,872486509,‚ù§Ô∏è it! You are never too old! ,30
5,petemongeau,872486509,Excellent read... precisely why everyone that walks through the doors at CrossFit Zanshin must first complete our b‚Ä¶ ,117
8,petemongeau,872486509,Lifting weights as you age is healthy way to extend your golden years.. ,72
12,petemongeau,872486509,This past weekend CrossFit Zanshin members celebrated in style.  The energy was electric and the Tacos were delicio‚Ä¶ ,117
13,petemongeau,872486509,I posted a new video to Facebook ,33
18,LisaGfit,312254338,"When I first began my fitness journey, I realized how difficult it can be to start &amp; continue a fitness regimen.‚Ä¶ ",118
19,LisaGfit,312254338,"Choosing healthy meals every day can be challenging if you do not have a plan!

",80
21,LisaGfit,312254338,"Too busy to workout? Or just too much excuses? This is for you!

",65
22,LisaGfit,312254338,"It's not just what you eat, but it's when you eat it, and when you rest that impacts your metabolism and determines‚Ä¶ ",117
24,LisaGfit,312254338,"When you feel amazing, you show up better for everything, and that you‚Äôll smash the rest of the to-do list with con‚Ä¶ ",117
25,LisaGfit,312254338,It's all about the right mindset! üôåüèª ,37
26,LisaGfit,312254338,"A friendly reminder to all! ‚òùüèª
 ",32
27,LisaGfit,312254338,"Happy Weekend fit fam! üíñ

Incorporate planned indulgences into your otherwise healthy diet, instead of depriving yo‚Ä¶ ",117
29,LisaGfit,312254338,"Do you prefer to do your workouts in the afternoon or at night?

Watch my video on the pros and cons of late aftern‚Ä¶ ",117
30,LisaGfit,312254338,"Who else loves Keto Diet? üôãüèª
#KetoDietFever is real! &gt;&gt;

",63
31,carl_marsh,310778140,Me and muscle Jesus having a rose wine after decorating all day listening to @Cher ,83
32,carl_marsh,310778140,#cher @cher üåàüåàüåàüåà ,17
33,carl_marsh,310778140,Love my fianc√© he‚Äôs so shy when dancing in the kitchen. He‚Äôs my private dancer #tinaturner @thegourmetgays üåàüåàüåàüåà ,112
41,mike8675309,108763262,"#backday at the gym.  Rough day but the workout went well.  Gym was too busy, stresses me out.  But I got it done!‚Ä¶ ",116
42,mike8675309,108763262,#postworkout tonight so hungry I only storied it but here to share.  Mangos and strawberries with bananas and vivol‚Ä¶ ,117
46,mike8675309,108763262,#weakpoints today and a quick workout at that.  Just adding more volume to areas I have already hit multiple times‚Ä¶ ,116
47,mike8675309,108763262,#pushpull day and hitting a tough cadence for the weights with increasing pauses.  Only 8 days left in the‚Ä¶ ,108
49,mike8675309,108763262,#legday and a brutal one at that.  We are in the peak weeks and our coaches are no joke.  3 second eccentrics on th‚Ä¶ ,117
50,mike8675309,108763262,#pullday today working on a 3 second eccentric on the movements this week.  Lighten the weight a bit and squeeze th‚Ä¶ ,117
51,mike8675309,108763262,#mealprep from Sunday fueling me this week came from the Mellow cookbook from gianna_ciaramello .  Vegan ribs and r‚Ä¶ ,117
53,mike8675309,108763262,"#pushday and wondering why do you or don't you go to the gym?
I go because I know it is good for me so I make it a‚Ä¶ ",116
55,mike8675309,108763262,"#postworkout meal catch up. 
Today:  A large smoothie
Friday: chili from my meal prep plus a baked potato sprinkled‚Ä¶ ",117
56,mike8675309,108763262,#circuittraining today so I took advantage of 9round_applevalley.  So much more room to improve and I expect it to‚Ä¶ ,116
57,beach_pilates,1935625399,WHAT TIME IS IT?? its bingo time üéâ  Who doesn't love getting an amazing workout and also winning prizes all at the‚Ä¶ ,116
59,beach_pilates,1935625399,It is that time of the year again! ‚ùóÔ∏èBINGO time‚ùóÔ∏è Be sure to come on by and get your bingo card to win amazing priz‚Ä¶ ,117
61,beach_pilates,1935625399,Scary Savings continue...(put the candy DOWN!)  ,48
62,beach_pilates,1935625399,"VOTE FOR US on  by 3:00pm today, for 
BEST PILATES STUDIO in TORONTO!! (Question‚Ä¶ ",82
65,beach_pilates,1935625399,This Sunday:  Flip Flop Feet Workshop &amp; more...  ,53
67,beach_pilates,1935625399,? Fall into Beach Pilates - What's NEW for YOU!  ,49
70,beach_pilates,1935625399,"Climb every mountain Innsbruck is beautiful hittundsoehne  yummy ginger elderflower lemonade @ Innsbruck, Austria ",114
72,beach_pilates,1935625399,Last day for Christmas in July sale  ,37
75,NatashaRaey,65809027,Yoga retreat flight 1 of 2üíï ,28
76,Stallion3_PH,1183664430,"I'm at St Joseph's Catholic Church (Fullerton) in Perry Hall, MD ",65
79,Stallion3_PH,1183664430,Drinking a Double Duckpin W/ Grapefruit by @unionbrewing @ Sophie's Deck Treats at the Hall ‚Äî ,94
81,Stallion3_PH,1183664430,"I'm at Grape &amp; Grain Wine &amp; Spirits in Perry Hall, MD ",62
82,Stallion3_PH,1183664430,"I'm at Stanley Black &amp; Decker - Radio Park in Towson, MD ",61
84,Stallion3_PH,1183664430,Drinking an Astrodon by @PeabodyHeights @ Sophie's Deck Treats at the Hall ‚Äî ,77
85,Stallion3_PH,1183664430,"I'm at Stanley Black &amp; Decker - Radio Park in Towson, MD ",61
86,Stallion3_PH,1183664430,"I'm at Planet Fitness in Perry Hall, MD ",40
87,Stallion3_PH,1183664430,"I'm at Stanley Black &amp; Decker - Radio Park in Towson, MD ",61
88,Stallion3_PH,1183664430,"I'm at Planet Fitness in Perry Hall, MD ",40
91,Stallion3_PH,1183664430,"I'm at Planet Fitness in Perry Hall, MD ",40
92,Stallion3_PH,1183664430,"I'm at Stanley Black &amp; Decker - Radio Park in Towson, MD ",61
93,Stallion3_PH,1183664430,"I'm at Weis Markets - @redbox in Nottingham, MD ",48
96,donald_botos,715592107,Sat morning workout. @quakesmira17 ,35
97,donald_botos,715592107, thanks for the love @Warren_Academy @quakesmira17,50
98,donald_botos,715592107,Love this little dude and all the hard work he puts in on everything he does. ,78
100,donald_botos,715592107,Always room for ice cream after a great workout! @quakesmira17 ,63
101,donald_botos,715592107,My baller's! @quakesmira17 ,27
103,donald_botos,715592107,Got both Adrian and @quakesmira17 getting there workout on. ,60
105,donald_botos,715592107,Day2. Keep working @quakesmira17 @Warren_Academy ,49
107,chairyoga,104773387,"Lakshmi Voelker Chair Yoga to Hold a Teacher Training at New York Open Center January 8-11, 2019‚Ä¶ ",98
108,chairyoga,104773387,"What is Bhakti Yoga? Why You Should Try the Yoga of Devotion (even on a chair) 

Lakshmi Voe‚Ä¶ ",94
110,chairyoga,104773387,"Gayatri Mantra: The Yoga Chant You Need in Your Gratitude Practice


Do chair yoga on any de‚Ä¶ ",94
111,chairyoga,104773387,"This Is the Guide to Yoga and Meditation We Wish We Had Growing Up


Lakshmi Voelker Chair Y‚Ä¶ ",94
112,chairyoga,104773387,"What Really Happens in Meditation 

Lakshmi Voelker Chair Yoga Live or One-on-One over Skype‚Ä¶ ",94
116,chairyoga,104773387,"Finding Your Peace of Mind Through Yoga  

Lakshmi Voelker Chair Yoga Live or One-on-One ove‚Ä¶ ",94
121,chairyoga,104773387,"What Really Happens in Meditation 

Lakshmi Voelker Chair Yoga Live or One-on-One over Skype‚Ä¶ ",94
124,chairyoga,104773387,"Three &amp; a Half Acres Yoga, a nonprofit in Harlem, New York: its mission is creating space for healing, connection,‚Ä¶ ",120
127,DiscoverAd,361139042,"New trip ‚ú®üö≤
London to Bruges is one smooth ride but what an adventure!
Cycling from the capital and crossing the Du‚Ä¶ ",117
128,DiscoverAd,361139042,Cycle the length of Portugal on this extraordinary ride through beautiful landscape on an adventure that's known as‚Ä¶ ,117
129,DiscoverAd,361139042,"The Lake District is home to beautiful peaks and valleys, spectacular views at every turn and incredible trekking r‚Ä¶ ",117
130,DiscoverAd,361139042,"Our Saharan Mini Adventure is the epic bite-sized challenge you've been looking for. Trek the desert in 2019, setti‚Ä¶ ",117
133,DiscoverAd,361139042,"Look what's arrived!!‚ú® That's right, our shiny new brochure packed with adventures far and wide is READY! If you've‚Ä¶ ",117
134,DiscoverAd,361139042,Hear about Sarah Knight's chilly #NorthernLights Winter Trek and fall in love with this awesome trekking challenge!‚Ä¶ ,117
135,DiscoverAd,361139042,"The #TrekKilimanjaro adventure leaves on the 26th December to kick-start 2019 on a real high, make your new year on‚Ä¶ ",117
136,DiscoverAd,361139042,Don't forget to let us know you're interested in taking part in the #MarathonWalk London 2019! Register your intere‚Ä¶ ,117
138,DiscoverAd,361139042,"We take care to look after the communities and countries we visit, see how you can be a part of the sustainable tra‚Ä¶ ",117
140,Crypto_Dak,192373165,"It's all about the #gainz !  DIOXYME is supplements with morals, no gimmicks, just results.‚Ä¶ ",93
144,CumberlandPark,25282118,Back sore? A few stretches just might do the trick!  ,53
145,CumberlandPark,25282118,It's that time of year again! What games are on your holiday wish list?  ,73
146,CumberlandPark,25282118,Don't worry! Be happy and practice these small ways to make your day brighter!  ,80
147,CumberlandPark,25282118,Indoor plants can really SPRUCE up your place!  ,48
148,CumberlandPark,25282118,Writing down events is not old-school! Who is excited to start planning with a journal?  ,89
150,CumberlandPark,25282118,Decluttering can be overwhelming but oh-so worth it! Here's how to get started.  ,81
153,CumberlandPark,25282118,Here's something on the healthier side to satisfy your chocolate cravings! üç´  ,78
154,CumberlandPark,25282118,"Once you walk, the fun don't stop, right?!  ",44
155,CumberlandPark,25282118,"If you are ever in doubt about working out, think about these benefits!üëü   ",75
156,CumberlandPark,25282118,Not a fan of marshmallows? This is the recipe is perfect for you!    ,69
157,CumberlandPark,25282118,Make sure your Cat-Cow yoga pose is perfect by following these steps!   ,72
158,CumberlandPark,25282118,"Sweet treats for one, please!  ",31
160,CumberlandPark,25282118,Want to change up your home decor? Here's how to mix and match styles the right way!  ,86
161,CumberlandPark,25282118,"Some like it spicy, but how much is too much? üî•üå∂  ",50
163,loriedwards,18051167,Rainbow Threddy is doing yoga this morning ,43
164,loriedwards,18051167,I just earned the 'Cheers to Independent U.S. Craft Breweries (Level 2)' badge on @untappd! ,92
165,loriedwards,18051167,"Yeah, it's Friday üòä ",20
166,lalalaughing,258558073,Another crappy nights sleep thanks to my @TempurPedic Adapt. Be warned their sales people will sell you a bed with‚Ä¶ ,116
167,lalalaughing,258558073,"Heads up to anyone who loves their @MarthaStewart  gear. These were my favorite spice bowls, but they fit and lodge‚Ä¶ ",117
181,Bog_Networker,2903741440,"üìπ Weight Management For Living a Healthier Life! way to a long healthy life is being fit and in shape,... ",106
193,davidhulstedt,4281068541,"Biblical Message by me for Saturday &amp; Sunday November 17,18

Here is the link to my message on Facebook.‚Ä¶ ",110
196,davidhulstedt,4281068541,"..Powerful prayer is for both of us. Please follow my link;



Love,
Pastor David ",82
199,davidhulstedt,4281068541,"The exercise prayer

We fight (you &amp; I)  

1. Fat &amp; muscle
2. Sleep
3. Energy 
4. Cardio &amp; anabolic
5. Metabolism
6‚Ä¶ ",129
201,davidhulstedt,4281068541,..Please pray God gets retribution for me regarding the abuse that has been going on. Let no stone go unturned. You‚Ä¶ ,117
203,davidhulstedt,4281068541,"..Mental Fortitude Prayer for you and I

Here is the link


Love,
Pastor David Hulstedt ",88
204,davidhulstedt,4281068541,"..Please pray for me concerning my legal action versus home health care company and Guardians

Link for action‚Ä¶ ",112
205,davidhulstedt,4281068541,"..Potent Prayer for you and I

Here's the link to the message


Love,
Pastor David Hulstedt ",92
206,davidhulstedt,4281068541,..I had it with this home health care company and all the illicit lies and  misdocumentation done behind my back in‚Ä¶ ,117
209,pcntv,15858700,"It‚Äôs cold, but these #PIAASoccer fans are in good spirits during halftime.@RHSBoysSoccer16 &amp; @wilson_bulldogs ‚öΩÔ∏è‚ùÑÔ∏è ",119
210,pcntv,15858700,We are LIVE with the final game of the PIAA Field Hockey Championships! Good luck to @DTSDnews and @LowerDauphin as‚Ä¶ ,117
211,pcntv,15858700,"Both teams are using their head, but no one is a-head at the half. ‚Å¶@RHSBoysSoccer16‚Å© and ‚Å¶@Wilson_Bulldogs‚Å© are 0-‚Ä¶ ",117
212,pcntv,15858700,Congratulations @NA_Schools on your state championship! Watch your win again and again on demand with PCN at‚Ä¶ ,110
213,pcntv,15858700,You gave it your all @Bishop_Shanahan!! Congratulations on a great season! They are your PIAA 4A Girls Volleyball R‚Ä¶ ,117
214,pcntv,15858700,And @NA_Schools wins the state title!! ,39
216,pcntv,15858700,"Congratulations @godonegalsports on your 2A PIAA Field Hockey State Championship Title! 

Didn‚Äôt get to see the win‚Ä¶ ",117
217,pcntv,15858700,It‚Äôs a good match between @Bishop_Shanahan and @na_schools! Watch LIVE now on cable and the PCN app. ,101
218,pcntv,15858700,Congratulations @PalmyraAreaHS on a great season! They are your 2A Field Hockey Runner-Ups! ,92
219,pcntv,15858700,And @godonegalsports wins in overtime! ,39
220,pcntv,15858700,A big thank you to today‚Äôs referees at the @PIAASports Championships! We appreciate your support for high school at‚Ä¶ ,117
221,pcntv,15858700,We are now LIVE with the #PIAASoccer Boys 4A Championship! Let‚Äôs go @RHSBoysSoccer16 &amp; @Wilson_Bulldogs! ,109
223,pcntv,15858700,Wow! @NA_Schools takes the first match against @Bishop_Shanahan in the PIAA 4A Girls Volleyball Championship.‚Ä¶ ,111
224,pcntv,15858700,It's the final game in the @PIAASports #PIAASoccer Championships! RHSBoysSoccer16 Red Raiders take on the‚Ä¶ ,107
225,pcntv,15858700,Second half of the PIAA Field Hockey 2A Championship game and the score is still tied 0-0 for @PalmyraAreaHS and‚Ä¶ ,114
227,YoungBlessmusic,382991447,JANNA BRESLIN Bikini Female Fitness Model Workout Motivation ,61
230,YoungBlessmusic,382991447,Cardio Workout (Indian Music) ,30
231,YoungBlessmusic,382991447,My Favorite Post-Workout Meal! ,31
232,YoungBlessmusic,382991447,Abs Workout| 3 Easy &amp; Basic Abs Workout In HINDI |RSWorld  ,63
233,YoungBlessmusic,382991447,STRONG FEMALE FITNESS MOMENTS ‚Äì HARD WORKOUT(82) ,49
234,YoungBlessmusic,382991447,HULK JUICE RECIPE- all natural pre-workout ,43
235,YoungBlessmusic,382991447,What Does 1RM Mean in Strength Training? ,41
236,YoungBlessmusic,382991447,Diet Plan To Lose Weight Fast ‚Äì 900 Calories ‚Äì Full Day Meal Plan For Weight Loss | Skinny Recipes‚Ä¶ ,100
237,YoungBlessmusic,382991447,Weight Loss Diet | Trick for Weight Loss of 8 KG in 5 days | BABA RAMDEV ,73
240,YoungBlessmusic,382991447,Muscle Mass Program | How to gain muscles: Best for Beginners | Garvit Rathi | Gain weight naturally‚Ä¶ ,102
241,YoungBlessmusic,382991447,Day 26/30 Abs Workout (30 Days Abs Workout) Home Workout ,57
243,YoungBlessmusic,382991447,No-Diet No-Exercise 100% effective || Fat Cutter Drink For Extreme Weight Loss || Wazan Kam Karne Ka ,101
244,YoungBlessmusic,382991447,Woman Training Hard! Best Awesome Girls In Gym Female Fitness Motivation HD  ,77
246,Luke_Pedersen_,738875965,"Retired @FDNY Lieutenant Mike Cacciola and Registered Dietitian @VanessaZorasRD  sharing healthy, nutrient dense co‚Ä¶ ",117
247,Luke_Pedersen_,738875965,Turn the VOLUME up! (I‚Äôm not talking about the sound). atrain464 promised me it would give me bigger muscles.  Try‚Ä¶ ,116
248,Luke_Pedersen_,738875965,Today marked new chapter in my career @Waterloo_Fire. Extremely honoured &amp; grateful for this opportunity &amp; excited‚Ä¶ ,124
249,LadyDCrockett,446729371,Getting ready for this beast workout. @ Planet Fitness ,55
252,LadyDCrockett,446729371,"üñ§ 
@LadyDCrockett ",18
253,LadyDCrockett,446729371,I made my vote count.  #ivoted ,31
254,LadyDCrockett,446729371,I'm going to try again ,23
255,LadyDCrockett,446729371,Why your plans may not be working...Good Morning!  #mondaymotivation ,69
256,LadyDCrockett,446729371,"Happy Sunday...Worship ready!
Thanks grandkiss for the fiya üî• photo üì∑
Kimono @LadyDCrockett
 ",93
259,LadyDCrockett,446729371,My future scientist legendarius97 did his first research presentation today. Looks like some good stuff on there so‚Ä¶ ,117
261,LadyDCrockett,446729371,Hey guys! ,10
264,LadyDCrockett,446729371,"Celebrate with us! bishopracrockett
#notbc @ New Orleans Triumph Baptist Church ",80
265,LadyDCrockett,446729371,"Thanks for all the Birthday love üòç.  You made the day even more special. ""49""  getting ready to leave my forties be‚Ä¶ ",117
275,djsuave1963,445740826,Happy founders day to the men of #OmegaPsiPhi especially to my brother Brandon Thorne! Love you bro and keep puttin‚Ä¶ ,117
282,djsuave1963,445740826,S/O my accountability partner and Brother @g5.fitness for getting me to Hype to get that work in the gym earlier on‚Ä¶ ,117
284,ariel_kramer,252263561,I‚Äôm trying to teach Sophie how to vogue. She‚Äôs trying her best ,63
285,ariel_kramer,252263561,"You‚Äôve heard of How the Grinch Stole Christmas, now get ready for: The Cat Who Tried to Eat Christmas ",102
286,ariel_kramer,252263561,"Person without Spotify Premium:
I‚Äôll aux the party!

*3 songs pass*

!¬° HElLo SPoTIfY USeR !¬°

Everyone: ",105
287,ariel_kramer,252263561,"Me: 
*just wants to go to the bathroom*

Sophie: 
*does cat yoga on my lap* ",76
288,ariel_kramer,252263561,"I would say, ‚Äúat least Sophie likes me‚Äù but she only attacks me and our holiday decorations so I‚Äôm not so sure ",111
289,Kirankeihin,2922690524,"‚ÄúIf you are quiet enough, you will hear the flow of the universe. You will feel its rhythm. Go with this flow. Happ‚Ä¶ ",117
291,Kirankeihin,2922690524,"Exercises are like prose, whereas yoga is the poetry of movements. Once you understand the grammar of yoga; you can‚Ä¶ ",117
302,Kirankeihin,2922690524,"tent of outdoor glamour and fashion workshop....
heading so close now.... ",74
305,Kirankeihin,2922690524,"Diwali Celebrations....
Daughters are the true life of father..who makes father emotionally strong...‚Ä¶ ",103
306,Kirankeihin,2922690524,Slowly but surely we are getting ready for our workshop going to be conducted in this month from 21st nov to 23rd n‚Ä¶ ,117
308,belhavenbikes,428897120,"Another new bike collected today - @MeridaBikes Crossway 15 MD.

Perfect for a young lady about town, cycling to sc‚Ä¶ ",117
312,belhavenbikes,428897120,"Thx to @jami_blythej34 for super catch up today üòö

Twas such a loooong lunch üòâ  @ObloBar was almost lit up when we‚Ä¶ ",116
313,belhavenbikes,428897120,"This @MeridaBikes EOne Twenty 800 has now left the building and is lighting up the Highland trails üöµ‚òá

If you're in‚Ä¶ ",117
314,belhavenbikes,428897120,"Newly delivered, all ready to hit the #mtb trails this weekend. ü§ò
@MeridaBikes Big Nine 20D ",92
315,JaffeChiroCLT,2242985119,The latest Dr. Jaffe's Chiropractic Chronicles!  Thanks to @TVFitness @FWFamilyChiro‚Ä¶ ,86
317,JaffeChiroCLT,2242985119,The latest Dr. Jaffe's Chiropractic Chronicles!  Thanks to @SentryHealth @SalusSaunas‚Ä¶ ,87
322,JaffeChiroCLT,2242985119,Dr. Jaffe cares for many kids every week. There is no greater honor than being able to adjust little ones and put t‚Ä¶ ,117
325,JaffeChiroCLT,2242985119,The latest Dr. Jaffe's Chiropractic Chronicles!  Thanks to @ChiroCompliance @SalgiFoundation‚Ä¶ ,94
335,1manajith,302716619,I liked a @YouTube video  How to Gain 20 LBS of Muscle! (THE RIGHT WAY),71
337,1manajith,302716619,"I liked a @YouTube video  POSTWORKOUT Supplements - ""Workout Supplement ATHLEAN-Rx SERIES""",90
338,1manajith,302716619,I liked a @YouTube video  Jeff Cavaliere Meal Plan and Workout (1 FULL DAY!),76
355,CoachRyanFitnes,615383475,"My Food Rules sustainable eating habit. Follow the rule of the day. No more counting anything. 
_‚Ä¶ ",99
357,CoachRyanFitnes,615383475,"There's Now Proof That Social Media Really Does Cause Depression. Can We Fix It?
_

_‚Ä¶ ",87
359,CoachRyanFitnes,615383475,"Infographic of my Food Rules healthy eating. Food Rules is not a weight loss or ""gainz"" diet system, it's a no-nons‚Ä¶ ",117
364,preetiranjanrau,374336114,redBus ,7
365,preetiranjanrau,374336114,Andhra Pradesh shuts doors to central sleuths ,46
366,preetiranjanrau,374336114,Arvind Kejriwal backs Chandrababu Naidu on barring CBI; also advises Income Tax Department ban ,95
367,preetiranjanrau,374336114,"Set up nodal agency for cruise tourism, slash GST: association ",63
368,preetiranjanrau,374336114,"ED Probing If Amazon, Flipkart Violated Provisions of Foreign Exchange Law ",75
369,preetiranjanrau,374336114,"UPPCB raps AMC over burning waste in landfill, dumping sewage in Yamuna - Times of India ",89
370,preetiranjanrau,374336114,Affluent stealing Indian Railways blind! You won't believe what all they are looting ,85
371,preetiranjanrau,374336114,"Over 43,000 missing kids rescued from railway stations in 5 years ",66
372,preetiranjanrau,374336114,RTI Reveals EC Linked Aadhaar and Voter IDs Without Consent ,60
373,preetiranjanrau,374336114,Allowance For Madhya Pradesh Lawmakers Over 3 Times The Salary Bill: RTI ,73
374,preetiranjanrau,374336114,CBI Officer Moves Top Court After Repatriation To Intelligence Bureau ,70
375,preetiranjanrau,374336114,Sohrabuddin Sheikh fake encounter: Brother accuses CBI of working for the accused ,82
377,preetiranjanrau,374336114,"CM Amarinder Singh mulls block CBI in Punjab, Does opposition fear CBI scrutiny? ",81
378,preetiranjanrau,374336114,Politics over CBI crisis: Delhi Government backs CBI ban ,57
379,preetiranjanrau,374336114,"Most girls hanging-out with boys get raped, 80% incidents among acquaintances: Haryana CM's comment sparks row ",111
380,preetiranjanrau,374336114,"Khattar Sparks Controversy Over 'Rape Statement', Says 'Most FIRs Are Result of Fights Between People' ",103
382,preetiranjanrau,374336114,Goyal cavalcade attacked during UP railway staff protest - Times of India ,74
383,preetiranjanrau,374336114,Yoga linked to improved body satisfaction ,42
384,sossunshine,2761699470,alright who put JBH in a workout playlist ,42
385,sossunshine,2761699470,i love seeing non 5sos accounts quote their lyrics. ,52
394,Bog_Networker,2903741440,"üìπ Weight Management For Living a Healthier Life! way to a long healthy life is being fit and in shape,... ",106
406,PampaLayLay,34923872,"I'm at Tucker On The Grill in St John's, Antigua ",49
407,PampaLayLay,34923872,Climaxx (@ Millers by the Sea) ,31
409,HighFunctionFit,3131224282,The gym is a lot more than just turf and dumbbells. High Function Fitness is a family - a group of individuals who‚Ä¶ ,116
411,HighFunctionFit,3131224282,"Linda is a beast! 
‚Ä¢
Linda is one of the most beautifully impressive competitive ballroom dancers you‚Äôll ever watch‚Ä¶ ",117
412,HighFunctionFit,3131224282,I posted a new video to Facebook ,33
413,HighFunctionFit,3131224282,We remember the hard days. The days we push past our perceived limitations are the days we look back on and smile.‚Ä¶ ,116
416,HighFunctionFit,3131224282,"Ready to workout today? üëÄ
‚Ä¢
It might be a gloomy day but you‚Äôre only one workout (&amp; maybe a couple tail wags) away‚Ä¶ ",120
420,HighFunctionFit,3131224282,"This girl is #unstoppable. She is also WAY strong than she thinks! 
‚Ä¢
Even her fellow HFF members know this - Thank‚Ä¶ ",117
421,HighFunctionFit,3131224282,"‚ÄúThe devil is in the details.‚Äù
‚Ä¢
Working on the small details in Dave‚Äôs squatting mechanics. Dave is already a stro‚Ä¶ ",117
425,HighFunctionFit,3131224282,"STRENGTH IN NUMBERS 
‚Ä¢
Becoming a more ‚Äúfit‚Äù version of yourself will be challenging but it should also be #fun. En‚Ä¶ ",117
427,HighFunctionFit,3131224282,"‚ÄúThe grass isn‚Äôt greener on the other side; it‚Äôs greener where YOU water it‚Äù 
‚Ä¢
Shoutout to Greg for consistently w‚Ä¶ ",117
428,CFTrainingYard,2691028910,"CFTY - Thursday 11/15/18
Workout: 30min cap
10 Strict Press (135/95)
10 Squat Clean (136/95)
20 Push Press (155/115‚Ä¶ ",117
429,CFTrainingYard,2691028910,"CFTY - Wednesday 11/14/18
Row: 1-2-3-4-3-2-1
Work/Rest equal parts each round (1 min ON, 1 min Off, 2 min ON, etc)‚Ä¶ ",116
430,CFTrainingYard,2691028910,"CFTY- Tuesday 11/13/18
Workout: 7 Rounds 
3 Strict Deficit HSPU (45s/25s)
5 Russian KBS (2/1.5pd)
7 Lateral PVC Hop‚Ä¶ ",117
431,CFTrainingYard,2691028910,"CFTY- Monday 11/12/18
Workout: 3 Rounds 
3 min clock;
18/15 Cal Row
18 Burpees Over Rower 
AMRAP Overhead Squats (1‚Ä¶ ",117
432,CFTrainingYard,2691028910,"Happy Veterans Day!
CFTY - Sunday 11/11/18
Strength: 2x5 Deadlift
Set 1 @ 65% 1RM
Set 2 @ 75% 1RM
1 x AMRAP @ 80% 1‚Ä¶ ",117
433,CFTrainingYard,2691028910,"CFTY - Saturday 11/10/18
Workout: w/ Partner - I go, you go format;
10 Bench Press (185/135)
250/200m Row
Max Thrus‚Ä¶ ",117
434,CFTrainingYard,2691028910,"CFTY - Friday 11/9/18
Workout: 5 min AMRAP 
Wall Balls (20/14)
Rest 5 min, then;
5 Rounds
50 Double-Unders
15 High‚Ä¶ ",116
435,CFTrainingYard,2691028910,"CFTY - Thursday 11/8/18
Workout: For Time
200m Plate Pinch Walk (2x25/2x15)
20 DB Squat Snatch (50/35)
100‚Äô DB Over‚Ä¶ ",117
436,CFTrainingYard,2691028910,"CFTY - Wednesday 11/7/18
Strength: 
3RM Push Press - 8 min cap
Then;
2RM Front Squat -  12 min cap
Then;
1RM Thrust‚Ä¶ ",117
437,CFTrainingYard,2691028910,"CFTY - Tuesday 11/6/18
Workout: ‚ÄúMuscle-Up Biathlon‚Äù
400m Run
18 Unbroken* Muscle-Ups 
400m Run
15 UB* Muscle-Ups
4‚Ä¶ ",117
438,CFTrainingYard,2691028910,"CFTY- Monday 11/5/18 
Workout: 4 Rounds 
AMRAP 3 min
3 Power Snatch (heavy)
9 Box Jump Over (24/20)
18 AbMat Sit-Up‚Ä¶ ",117
440,CFTrainingYard,2691028910,"CFTY - Saturday 11/3/18
Workout: 21-15-9-6-3
Strict Handstand Push-Ups
Hang Power Clean (165/115)
Burpees
#cfty‚Ä¶ ",113
441,CFTrainingYard,2691028910,"CFTY- Friday 11/2/18
Strength: 5x5 Zercher Squat
Workout: 1 mile Bike
50 Wall Ball (20/14)
1 mile Bike 
#cfty‚Ä¶ ",111
443,CFTrainingYard,2691028910,"Halloween! 
CFTY -Wednesday 10/31/18
Workout: 8 Rounds 
On 2 min clock-
400m Run 
#cfty @beccavoigt @ CrossFit Trai‚Ä¶ ",117
444,CFTrainingYard,2691028910,"CFTY - Tuesday 10/30/18
Workout: 3 Rounds
25 DB Push Jerk (50/35)
50 Double-Unders
25 DB Box Step-Ups (24/20)
50 Do‚Ä¶ ",117
445,CFTrainingYard,2691028910,"CFTY - Monday 10/29/18
Workout: 500m Row
21 KBS (1.5/1pd)
12 Bar Muscle-Ups
500m Row
21 KBS
12 Chest To Bar Pull-Up‚Ä¶ ",117
447,CFTrainingYard,2691028910,"CFTY - Saturday 10/27/18
Workout: 3 Rounds / On the 6 min-
30/21 Cal Bike
20 Alt. Pistols
10 Wall Ball (20/14)
Reco‚Ä¶ ",117
448,preetiranjanrau,374336114,redBus ,7
449,preetiranjanrau,374336114,Andhra Pradesh shuts doors to central sleuths ,46
450,preetiranjanrau,374336114,Arvind Kejriwal backs Chandrababu Naidu on barring CBI; also advises Income Tax Department ban ,95
451,preetiranjanrau,374336114,"Set up nodal agency for cruise tourism, slash GST: association ",63
452,preetiranjanrau,374336114,"ED Probing If Amazon, Flipkart Violated Provisions of Foreign Exchange Law ",75
453,preetiranjanrau,374336114,"UPPCB raps AMC over burning waste in landfill, dumping sewage in Yamuna - Times of India ",89
454,preetiranjanrau,374336114,Affluent stealing Indian Railways blind! You won't believe what all they are looting ,85
455,preetiranjanrau,374336114,"Over 43,000 missing kids rescued from railway stations in 5 years ",66
456,preetiranjanrau,374336114,RTI Reveals EC Linked Aadhaar and Voter IDs Without Consent ,60
457,preetiranjanrau,374336114,Allowance For Madhya Pradesh Lawmakers Over 3 Times The Salary Bill: RTI ,73
458,preetiranjanrau,374336114,CBI Officer Moves Top Court After Repatriation To Intelligence Bureau ,70
459,preetiranjanrau,374336114,Sohrabuddin Sheikh fake encounter: Brother accuses CBI of working for the accused ,82
461,preetiranjanrau,374336114,"CM Amarinder Singh mulls block CBI in Punjab, Does opposition fear CBI scrutiny? ",81
462,preetiranjanrau,374336114,Politics over CBI crisis: Delhi Government backs CBI ban ,57
463,preetiranjanrau,374336114,"Most girls hanging-out with boys get raped, 80% incidents among acquaintances: Haryana CM's comment sparks row ",111
464,preetiranjanrau,374336114,"Khattar Sparks Controversy Over 'Rape Statement', Says 'Most FIRs Are Result of Fights Between People' ",103
466,preetiranjanrau,374336114,Goyal cavalcade attacked during UP railway staff protest - Times of India ,74
467,preetiranjanrau,374336114,Yoga linked to improved body satisfaction ,42
468,TucsonTowers,330334341,Cycling | Arthritis Research UK ,32
469,HealthFitnessP,4357983792,Lose Belly Fat With This Breakfast - ,37
470,HealthFitnessP,4357983792,Do You Have Low Testosterone? TRT versus Natural Testosterone Boosters - ,73
471,HealthFitnessP,4357983792,Thu·ªëc Tr·ªã Xu·∫•t Tinh S·ªõm Stud 100 Male Genital Desensitizer - ,61
472,HealthFitnessP,4357983792,Rush O Lash Eyelash Enhancement Serum - ,40
475,HealthFitnessP,4357983792,Summer Workout for fat burning weight loss - how to get flat stomach - six pack (female &amp; male) - ,102
476,HealthFitnessP,4357983792,Best police flashlight Best police flashlight - ,48
477,HealthFitnessP,4357983792,Erectile Dysfunction Related To Prostate - What's The Relationship Between Prostate and ED? - ,94
478,HealthFitnessP,4357983792,High 10 Yoga Pants for Ladies folks 2015 - ,43
480,HealthFitnessP,4357983792,Fitness Q&amp;A Part 2 Losing Weight Without Losing Muscle Tone. Healthy Meal Ideas. - ,87
481,HealthFitnessP,4357983792,WNBF Boston Monster Mash Mens' Pro Bodybuilding Prejudging and Awards - Chris Elkins - ,87
482,HealthFitnessP,4357983792,Fasting for weight loss with Dr  Jason Fung and Jimmy Moore - ,62
485,HealthFitnessP,4357983792,No. 1 Fat Burning Exercise - ,29
486,HealthFitnessP,4357983792,BRAGGS APPLE CIDER VINEGAR~ WEIGHT LOSS - ,42
489,RobPhonetix,275244872,"The lovely @lauraalice2, giving the #Focusrite Voicemaster Pro a workout, &amp; providing some delightful tones to work‚Ä¶ ",121
490,RobPhonetix,275244872,Get it locked to @flexfmuk between now &amp; 4pm to hear the legend that is @impactukg spinning a new one from me! üî• Sh‚Ä¶ ,121
491,RobPhonetix,275244872,#TGIF  ,7
497,RobPhonetix,275244872,This - just because I've ceased shaving doesn't mean I don't have feelings. Now go stream or download 'Blue Step' b‚Ä¶ ,117
499,RealLamarOdom,28669612,I want to make a shout out to Nick @NJDiFrancesco and @veritasfarmsofficial to thank him for giving me their CBD oi‚Ä¶ ,117
500,RealLamarOdom,28669612,"This never gets oldüòìüòéüí™
",23
501,RealLamarOdom,28669612,After kicking pat ass in horseüòúüí™ and doing David Meltzer podcast rushing home to see the green bay settle game and‚Ä¶ ,116
504,CrusePhoto,31288364,Great to be shooting the #teamcaf cycling clinic today! @cafoundation ,70
506,CrusePhoto,31288364,"Sunset at @VisitOceanside @visitsandiego @VisitCA - November 16, 2018. ",71
509,hotslap,845096994,I just liked ‚ÄúWIP : Inspired from Alita Battle Angel‚Äù on #Vimeo: ,65
512,hotslap,845096994,I just started following Kevin (Hoa) Nguyen on #Vimeo: ,55
518,hotslap,845096994,I just started following BadStache Animation Studio on #Vimeo: ,63
529,DallasoGoing,1083668898,"Amazon opposites: Austin, Dallas took very different approaches to wooing retail giant - Finger Lakes Times‚Ä¶ ",109
530,DallasoGoing,1083668898,"ICYMI: Mavs x Lympo Blockchain Fitness App; Nokia, AT&amp;T, Jaunt Augment Reality; Roger Wilco Announces ICO -‚Ä¶ ",113
531,DallasoGoing,1083668898,Neighborhood Goods takes a shot at the future of retailing at Plano's Legacy West - Dallas News‚Ä¶ ,97
532,DallasoGoing,1083668898,"Amazon opposites: Austin, Dallas took very different approaches to wooing retail giant - Austin American-Statesman‚Ä¶ ",116
534,DallasoGoing,1083668898,Winter menus cozy up this edition of Dallas restaurant news - CultureMap Dallas  Go Local‚Ä¶ ,91
537,DallasoGoing,1083668898,Dallas takes on Rockefeller Center with new Christmas tree show - CultureMap Dallas  Go Loca‚Ä¶ ,94
538,DallasoGoing,1083668898,"For Dallas venture capitalists, was missing out on Amazon 'a big loss'? - Dallas Business Journal‚Ä¶ ",99
540,DallasoGoing,1083668898,"Dallas Innovation Alliance, Funds for Austin Startups &amp; More TX Tech - Xconomy  Go Local‚Ä¶ ",94
541,DallasoGoing,1083668898,"HPCwire Reveals Winners of the 2018 Readers' and Editors' Choice Awards at SC18 Conference in Dallas, TX - HPCwire‚Ä¶ ",116
543,DallasoGoing,1083668898,"VettedHeroes Seeks to Improve Veteran Hiring with Partnerships, Technology -  ",78
546,DallasoGoing,1083668898,Dallas Veterans Day parade canceled as forecast for severe weather raises safety concerns - Dallas News‚Ä¶ ,105
548,DallasoGoing,1083668898,Mavs' Rick Carlisle responds to the Jimmy Butler trade: 'Doesn't break my heart that he's out of the Western Confer‚Ä¶ ,117
549,RiverstoneYoga,250444611,As part of our Teen &amp; Tween Youth Workshops we're excited to have Kara Popiel holding Yoga for Stress Management an‚Ä¶ ,121
550,RiverstoneYoga,250444611,"We have two exciting workshops in the studio tomorrow!

MELT for Core Stability with Joy Jacobson
11:30 am -12:45 p‚Ä¶ ",117
553,RiverstoneYoga,250444611,"Here's a sneak peek into our December workshops...more details to come soon!

Yamas &amp; Niyamas:  On &amp; Off The Mat
Sa‚Ä¶ ",125
554,RiverstoneYoga,250444611,A Weekend of Yoga - Wholeness Yoga for Mind &amp; Body  ,56
555,RiverstoneYoga,250444611,"THE MEDITATION LAB: FOR YOU &amp; YOUR CHILDREN

Jennifer Monness has been sharing meditation in schools for years, fin‚Ä¶ ",121
558,RiverstoneYoga,250444611,Riverstone Yoga makes a promise to all of our 200-Hour Teacher Training students and graduates...we promise you Gui‚Ä¶ ,117
559,RiverstoneYoga,250444611,"We are very excited about the upcoming Yamas &amp; Niyamas Workshop with Lyn Kehoe Power Yoga

Saturday, December 1st f‚Ä¶ ",121
562,RiverstoneYoga,250444611,"As a parent, it's often hard to fit in your personal practice over the busy weekend.  

Our Family Series is an opp‚Ä¶ ",117
564,RiverstoneYoga,250444611,Wondering how the Little Flower Yoga and Mindfulness Level One Training fits into their certification program? It's‚Ä¶ ,117
565,RiverstoneYoga,250444611,"After releasing our hips and necks with the MELT method, we're on to the next workshop in our series.  And we are v‚Ä¶ ",117
566,RiverstoneYoga,250444611,"Last weekend we had our Into to Yoga &amp; Meditation Youth Workshop with The Youth Yoga Lab and we had a blast!

Next‚Ä¶ ",120
567,yshelburne,17223680,"The mayor of Springfield declared Nov 17, 2017 TECHFIT students day! @GoTECHFIT #TECHFIT2018 ",93
568,yshelburne,17223680,So much fun as BOTH Hayward TECHFIT teams took their games to a local fitness center for members to try out! ,109
572,yshelburne,17223680,Hayward‚Äôs TECHFIT team is presenting their exergame at a Wittenberg University symposium tomorrow! #TECHFIT2017‚Ä¶ ,113
573,yshelburne,17223680,"Hayward TECHFIT students showcase their exergame for our school, community, business leaders and media.‚Ä¶ ",105
574,yshelburne,17223680,"If you haven't voted yet, it's not too late! Votes totals are now hidden from the public, but I believe we are in 2‚Ä¶ ",117
575,yshelburne,17223680,Hayward's TECHFIT made the news. @GoTECHFIT #TECHFIT2017 ,57
576,yshelburne,17223680,Getting ready to leave for wk 2@Purdue. On to curriculum!@GoTECHFIT #TECHFIT2017 ,81
577,TamaraBrown2012,1870137218,Thank you to my AHMAZING FitFamily! ,36
578,TamaraBrown2012,1870137218,"Thank you to EVERYONE who made it possible to bless owner, Tamara Brown, for her birthday! We had a great time cele‚Ä¶ ",117
585,TamaraBrown2012,1870137218,üëÄüëÄ ,3
586,TamaraBrown2012,1870137218,My momma came in the door like this this Morning! Catch us next Saturday at 10am for our Dance Cardio Party at TamB‚Ä¶ ,117
587,TamaraBrown2012,1870137218,My nephew!! Whoop whoop!!! Leggo ,33
588,TamaraBrown2012,1870137218,Good times! ,12
590,TamaraBrown2012,1870137218,"Congratulations to:
Asia Williams
Kendra Gipson Haggins
JeTara James
Keya McCrea
Shante Cantlow

These ladies have‚Ä¶ ",116
593,AMontgomery20,1648796617,"I just took an amazing workout with Lisa Niren and earned 1583 Fitcoin! Come run with me.
",90
599,AMontgomery20,1648796617,Let‚Äôs GO Fuel!!! #fuel5 ,24
600,AMontgomery20,1648796617,"I just took an amazing workout with Lisa Niren and earned 1323 Fitcoin! Come run with me.
",90
608,AMontgomery20,1648796617,Chase Charlie!! #Chirp Chirp ,29
609,AMontgomery20,1648796617,#NewProfilePic ,15
611,AMontgomery20,1648796617,Following in big brother's footsteps! #heyHWA üòçüì∏ ,49
612,JarrodOwenCox,328697210,Another quick 2 man limit. Had 10 ducks down within the first 15 minutes! Mac got quite the workout to say the leas‚Ä¶ ,117
613,JarrodOwenCox,328697210,"QUICK limit of birds with Adam today, beautiful and fun morning with so many different species working the spread! ",115
615,JarrodOwenCox,328697210,"Battled snow and a strong north wind today, hands were frozen but I bagged my first bull Pintail! ",98
616,JarrodOwenCox,328697210,Going Live in 30 minutes!!!  ,29
617,outworldapps,4821020951,You can't underestimate a billion people [#acpodcast] ,54
618,outworldapps,4821020951,Every Pok√©mon you can ride in Pok√©mon Let‚Äôs Go ,47
619,outworldapps,4821020951,Every weapon available in Super Smash Bros Ultimate ,52
620,outworldapps,4821020951,VPNSecure is currently 94% off ,31
621,outworldapps,4821020951,PSA: The Mew in your Pok√© Ball Plus only attaches to one account ,65
623,outworldapps,4821020951,"Make a robot friend with 30% off Anki Vector, Cozmo, and Overdrive toys ",72
624,outworldapps,4821020951,These are the best workout headphones for iPhone and Apple Watch ,65
626,outworldapps,4821020951,"Make a robot friend with 30% off Anki Vector, Cozmo, and Overdrive toys ",72
629,outworldapps,4821020951,"Chromebooks can be inexpensive, but they aren't cheap ",54
630,outworldapps,4821020951,Microsoft nearly dethrones Sony and Bose with Surface Headphones ,65
631,outworldapps,4821020951,Xiaomi Redmi Note 6 Pro hands-on: Persistent iteration  ,56
645,Bog_Networker,2903741440,"üìπ Weight Management For Living a Healthier Life! way to a long healthy life is being fit and in shape,... ",106
659,essensu,20221511,"With Thanksgiving next week, u may want to be aware of this: #GMO Potatoes Are Here ‚Äì How To Avoid Them -‚Ä¶ ",107
663,essensu,20221511,Keep ur summer glow going on w/ Steal A Tan‚Ñ¢ Dark Indoor Sunless Tanning Lotion w/ Firming Caffeine. Anti-Age Formu‚Ä¶ ,117
664,essensu,20221511,Boredom will not be one of your problems today. You‚Äôre high on... More for Cancer ,82
667,essensu,20221511,You receive a much-needed energetic boost when you are willing... More for Cancer ,82
668,essensu,20221511,"Thyme Garden üçÉ #Organic Herbal Moisturizing Cold Process Soap. Crafted with organic plant oils, üåºüåø and pure essenti‚Ä¶ ",117
670,essensu,20221511,"READING: #Erythritol: The Good, the Bad &amp; the Ugly with This Common Sweetener by @drjoshaxe  ",97
675,TheEdgeInDelRio,1611652824,Pool‚Äôs coming along. ‚Äî at The Edge Health &amp; Fitness In Del Rio ,67
676,TheEdgeInDelRio,1611652824,Our pool renovation is nearing completion. The Edge will be the only gym in the area with a heated indoor pool. We‚Äô‚Ä¶ ,117
677,TheEdgeInDelRio,1611652824,Tip: The Ultimate Trap-Bar Deadlift | T Nation ,47
679,TheEdgeInDelRio,1611652824,"TBT 
Never gets oldüí™üèΩ ",22
684,TheEdgeInDelRio,1611652824,Tip: You're Taking Creatine at the Wrong Time | T Nation ,57
686,TheEdgeInDelRio,1611652824,Tip: The Scientific Cure for a Flat Upper Chest | T Nation ,59
688,TheEdgeInDelRio,1611652824,Weekend Update: Pete Davidson Apologizes to Lt. Com. Dan Crenshaw - SNL ,72
689,TheEdgeInDelRio,1611652824,Sunday workout. We‚Äôre open till 6 today. ‚Äî at The Edge Health &amp; Fitness In Del Rio ,87
691,TheEdgeInDelRio,1611652824,Great FYI for iPhone users. ,28
692,TheEdgeInDelRio,1611652824,The Bodybuilder's Guide to Blood Work | T Nation ,49
715,Be_fit_Healthy,2156622991,This is BiM. It is aqua fitness ,32
717,Be_fit_Healthy,2156622991,On my way from le voyage. It was an outdoor challenge ,54
718,Be_fit_Healthy,2156622991,At BiM we emphise kids being fit. It is Toto's fitness session. Tkd ,68
719,Be_fit_Healthy,2156622991,"As our custom, BiM Friday is always a suprise workouts ",55
721,Be_fit_Healthy,2156622991,Just posted a video ,20
725,Be_fit_Healthy,2156622991,Toto's fitness #perfecting moves ,33
726,Be_fit_Healthy,2156622991,Just posted a photo ,20
727,Be_fit_Healthy,2156622991,Let us spin @ BiM fitness ,26
728,Be_fit_Healthy,2156622991,It is time to call it a day ,28
731,Be_fit_Healthy,2156622991,Just posted a video ,20
735,OlenaHuffmire,537302878,I added a video to a @YouTube playlist  Spanish Words - 100 Most Common Spanish Words - Simple Spanish Words -,110
737,OlenaHuffmire,537302878,I added a video to a @YouTube playlist  Despacito Lyrics in English and Spanish - Luis Fonsi ft Daddy Yankee -,110
739,OlenaHuffmire,537302878,I liked a @YouTube video  The Origin Of Yoga | Yoga Aligning to the source | An Exclusive Documentary !!!,105
740,OlenaHuffmire,537302878,"I liked a @YouTube video  Prince Royce, Marc Anthony - Adicto (Official Video)",78
743,OlenaHuffmire,537302878,"I added a video to a @YouTube playlist  CNCO, Prince Royce - Llegaste T√∫",72
745,OlenaHuffmire,537302878,"I added a video to a @YouTube playlist  Loco Enamorado English Lyrics Meaning Translation - Abraham Mateo,",106
751,OlenaHuffmire,537302878,I added a video to a @YouTube playlist  Nicky Jam ft Wisin - Si T√∫ La Ves Lyrics English and Spanish -,102
756,minster18301,2487191357,I liked a @YouTube video  WODAPALOOZA QUALIFIERS: The worst 2 workouts. (My Scores/Kevins and Mikeys scores),108
768,minster18301,2487191357,I liked a @YouTube video  Goodbye Youtube.,42
769,minster18301,2487191357,I liked a @YouTube video  HOW TO DEAL WITH MENTAL HEALTH PROBLEMS IN 2019,73
770,minster18301,2487191357,I liked a @YouTube video  Tom Holland and Tom Hiddleston Makes Fun of Each Other - Avengers: Infinity War 2018,110
771,minster18301,2487191357,I liked a @YouTube video  STRENGTH in DEPTH - Competition Day 1,63
773,minster18301,2487191357,I liked a @YouTube video  MAYWEATHER AGREED TO FIGHT A CHILD (then backed out),78
774,minster18301,2487191357,I liked a @YouTube video  PATRICK VELLNER: I can beat Mat Fraser. (Full Interview),82
775,rebekahtheninja,2508419610,"I had a dream my fiance unfollowed me on social media and was so mad.

In other news my brain is back and working o‚Ä¶ ",117
776,rebekahtheninja,2508419610,Day 10 of diet: the crushing realization that this year we will not be getting a fancy chocolate advent calendar vs‚Ä¶ ,117
777,rebekahtheninja,2508419610,Baby woke up on his own and was mostly a happy baby during workout. Woo winning ,80
780,TIDYProject,989445229,Thank you bunsandboba for debuting my concept for bringing accessible social yoga and BBT to the MT. Pleasant hood.‚Ä¶ ,117
785,TIDYProject,989445229,"My name is Hiiro, I'm kinda awesome üòâ.  Pic teejstam be kind to yourself today, I will admit I awoke to body shamin‚Ä¶ ",117
786,TIDYProject,989445229,"Family is what one decides it as, missing part of mine that became part last month.  You are part of me and I love‚Ä¶ ",116
787,TIDYProject,989445229,Ebbing and flowing through these evolutions and developments.  Living the journey I am meant to be walking through‚Ä¶ ,116
789,TIDYProject,989445229,"Whether I'm 100% or not every day, I'm blessed for the fact I get to live the life I have and balance it with activ‚Ä¶ ",117
790,TIDYProject,989445229,"To walk away and have an experience is precious enough, but to gain a family from it meant the world.  After 5-6 we‚Ä¶ ",117
791,TIDYProject,989445229,"New headshot courtesy of my Sister teejstam 
__
Back home in YVR and settling back into a shifting teaching schedul‚Ä¶ ",117
795,TIDYProject,989445229,This piece of paper is the one I worked the hardest for and damn proud of these humans and the past month.  Thank y‚Ä¶ ,117
796,TIDYProject,989445229,Celebrating like I'm almost finished my 2nd 200hr YTT karmateachers and get to reunite with my partner in Love on F‚Ä¶ ,117
797,TIDYProject,989445229,"Home stretch, almost there!
Happy Monday and see you on the mat/bike @yyoga 
üì∑: cocoveldhuijsen
__
SAT NOV 17TH bun‚Ä¶ ",117
798,batfitness,4083773169,What is ‚Äúscaling‚Äù?The Exceptional Fitness‚Ñ¢Ô∏èSystem allows for progression and regression of exercises or ‚ÄúScaling‚Äù c‚Ä¶ ,117
800,batfitness,4083773169,Chandler doing his exercise in the gym today. Despite the distractions of the other very loud patrons. He responded‚Ä¶ ,117
802,batfitness,4083773169,Now with captions! ,19
803,batfitness,4083773169,Exceptional Fitness Foundation Inc ,35
805,batfitness,4083773169,The beginning of #EFF ,22
806,batfitness,4083773169,Please support this great cause with a great program! ,54
807,batfitness,4083773169,This explains why we work on motor planning. ,45
809,batfitness,4083773169,Did you know that The Town of Davie is an EFF partner and we provide programs in the Davie Gym??!! #TownofDavie‚Ä¶ ,113
813,batfitness,4083773169,Exceptional Coach‚Äôs Corner #2 ,30
823,BillMew,50636347,The next horizon for industrial manufacturing: Adopting disruptive digital technologies in making and delivering‚Ä¶ ,114
824,BillMew,50636347,"Lawmakers Can Preach Online #Privacy, but Do They Practice It? Tracking tools embedded in campaign websites draw a‚Ä¶ ",116
835,AnAndrwGonzales,458183353,In Texas visiting my parents for the week. Had to crush cardio bc you know I hit that whataburger already ,106
836,AnAndrwGonzales,458183353,Somethin light ,15
837,RCFVelocity,45329143,CrossFit IS for anyone! ,24
840,RCFVelocity,45329143,"Sunday 11/11/18
Remembrance Day WOD
Lest we forget.... 
Complete as many rounds as possible in 18 mins of:
11 Hang‚Ä¶ ",116
841,RCFVelocity,45329143,"Tuesday 6/11/18

2 rounds for max reps of: 

Max Calorie Row 2 mins.
Rest, 2 mins.
Max Weighted Box Step-up, 60/40‚Ä¶ ",116
843,RCFVelocity,45329143,"Saturday 20/10/18

Partner WOD: 

For time: 

Run, 1 mile 
-- then --
3 rounds of:
100 Wall Balls, 9/7 kg (alternat‚Ä¶ ",117
845,RCFVelocity,45329143,Thank you Katharine that‚Äôs really cool! ,40
847,RCFVelocity,45329143,Team on Wednesday 31st October we will have a Halloween Fancy Dress pairs workout programmed! They key point here b‚Ä¶ ,117
848,RCFVelocity,45329143,"Wednesday 5/9/18

Back Squat : 3-3-5-5-7-7-9-9

Olympic Lifting.

Every 1 min for 12 mins: 
1 Squat Clean + 1 Front‚Ä¶ ",117
849,RCFVelocity,45329143,"Saturday 11/9/18
Massive good luck to all the RCFV members who are competing in the inferno pairs comp in Cardiff t‚Ä¶ ",117
850,RCFVelocity,45329143,"Monday 30/7/18
Don‚Äôt forget to get summer party money in behind desk by Wednesday if you plan on coming on Saturday‚Ä¶ ",117
851,RCFVelocity,45329143,"Friday 27th July 

15-12-9 reps, for time of:
Power Snatch, 60/40 kg
Overhead Squat, 60/40 kg
Burpee Box Jump Over,‚Ä¶ ",117
852,RCFVelocity,45329143,Positions after wod 1 ,22
862,Bog_Networker,2903741440,"üìπ Weight Management For Living a Healthier Life! way to a long healthy life is being fit and in shape,... ",106
874,OnTheRunHealth,3226305525,"Today‚Äôs exercise is the side leg lift. Keep your hips stacked straight on top of each other, slightly rotate your t‚Ä¶ ",117
875,OnTheRunHealth,3226305525,A great core strength and stability exercise is the plank. Make sure you engage your stomach and bum muscles as you‚Ä¶ ,117
876,OnTheRunHealth,3226305525,"One of my favourite glute strength exercises is bridge pose - so many ways to make it more challenging! 

Start wit‚Ä¶ ",117
878,OnTheRunHealth,3226305525,This week is all about strength training! Starting with one of my favourites; monster walks. With a theraband aroun‚Ä¶ ,117
881,OnTheRunHealth,3226305525,"It's important to think about hydration as well as fuelling for longer training sessions and races, as hydration an‚Ä¶ ",117
882,OnTheRunHealth,3226305525,Some great feedback from Anthea who's been doing face to face training sessions with me for a few months now :)‚Ä¶ ,113
884,OnTheRunHealth,3226305525,A new video went live yesterday; how to test if you need to work on your stability and stabilising muscles strength‚Ä¶ ,117
885,OnTheRunHealth,3226305525,It's all about nutrition this week; how to re fuel after a long training session or day out and the benefits of pro‚Ä¶ ,117
886,OnTheRunHealth,3226305525,Runner Jenny ran her first marathon in New York yesterday with an awesome time of 4:14!! it was a pleasure to coach‚Ä¶ ,117
887,WilliamDufour7,4775544327,Keith Ellison‚Äôs replacement lied about her support of Israel BDS movement ,74
888,WilliamDufour7,4775544327,Dozens arrested after climate protest blocks five London bridges ,65
891,WilliamDufour7,4775544327,Lab-grown organs ‚Äògo rogue‚Äô and develop BRAIN and MUSCLE cells ,63
896,WilliamDufour7,4775544327,"Dem Rep. Eric Swalwell: If we confiscate your guns and you fight back, we will nuke you ",88
897,WilliamDufour7,4775544327,"Its Own Medicine: Writhing from the Foreign Invasion of Caravans, Mexico Invokes Deportation ",93
901,WilliamDufour7,4775544327,"Democrat Calls For Gun Confiscation, Suggests Nuking Americans Who Fight Back ",78
902,WilliamDufour7,4775544327,"INSANE: ACLU Now Opposes Accused Students Having So Many Rights, All To Bash Trump ",83
904,WilberJeffcoat1,574598601,"Good Day, Sun Shine.  ",22
906,WilberJeffcoat1,574598601,"but thanks be to God, who gives us the victory through our Lord Jesus Christ. ",78
908,RyanSwanger,376254178,"Personally, I‚Äôm very happy with how the Orange Koi turned out. Is the suede or shape the best of all time?  No. But‚Ä¶ ",117
909,RyanSwanger,376254178,Rocking an actual Top Gun flight suit with prestos?  I‚Äôll see y‚Äôall in 2022 catching up. (Note: if this is your fir‚Ä¶ ,117
910,RyanSwanger,376254178,"Congrats to all of my fellow NB heads that copped one of the Kith pairs yesterday. I haven‚Äôt gotten my chance yet,‚Ä¶ ",116
911,RyanSwanger,376254178,"I don‚Äôt always wear Jordan‚Äôs, but when I do, they‚Äôre OG or the few pairs that are better than the OG. Sorry not sor‚Ä¶ ",117
912,RyanSwanger,376254178,These are called Talaria and they have Zoom and look like tennis balls.  Also the outsole looks like it‚Äôs hypercolo‚Ä¶ ,117
913,RyanSwanger,376254178,"A rare venturing out today beyond ‚Äúthe ankle‚Äù. I don‚Äôt know about you all, but how I dress tends to reflect a lot a‚Ä¶ ",117
914,RyanSwanger,376254178,"Being active on IG sneakergram has its ups and downs for most of us, but one of the things that I‚Äôve enjoyed most i‚Ä¶ ",117
916,RyanSwanger,376254178,Another all-time Asics banger today. Probably my favorite olive shoe. The pea tint to the lining and insole perfect‚Ä¶ ,117
917,RyanSwanger,376254178,"I have parted with some GL3s, but this pair ain‚Äôt goin nowhere. Shout to dapperdistrict for the very fair deal when‚Ä¶ ",117
918,RyanSwanger,376254178,One of my favorite AM95s today. Stussy has been one of my favorite streetwear brands for a long time. Their tees we‚Ä¶ ,117
919,RyanSwanger,376254178,"Out of all of the shoes I‚Äôve owned in my life, I don‚Äôt think any pair made me feel cooler than this pair back in th‚Ä¶ ",117
920,RyanSwanger,376254178,"I‚Äôm back with some more 1500s for ya. Hanon absolutely killed this pair with a simple but perfect colorway. 

Hanon‚Ä¶ ",117
921,RyanSwanger,376254178,"I think this pair remains my favorite 1500 colorway. My favorite collab by @sneakersnstuff, too. Similar to the Pat‚Ä¶ ",117
922,RyanSwanger,376254178,"New series: New Balance 1500s. Air Max are my favorite, however, 1500s do have better shape, materials, and durabil‚Ä¶ ",117
923,RyanSwanger,376254178,My favorite Air Max midsole today to close out the Air Max history series with the Air Max 360 from 2006. The 360 m‚Ä¶ ,117
924,RyanSwanger,376254178,"While Y2K horror was in full effect, and the Internet was becoming a cool way to make someone you don‚Äôt know feel h‚Ä¶ ",117
925,RyanSwanger,376254178,"Down the final stretch of Air Max history we go. I‚Äôm waiting for the hyper blue retro this year to grab a TN OG, so‚Ä¶ ",117
926,RyanSwanger,376254178,"Air Max 98s today. In my opinion, the OG colorways or Supreme collab are the only really good pairs of this silhoue‚Ä¶ ",117
927,tj1219,81137849,üëçüëç Good rule for us all to follow about not talking politics with friends and family during upcoming Thanksgiving h‚Ä¶ ,117
930,tj1219,81137849,"To fight high drug prices, Utah will pay for public employees to go fill prescriptions in Mexico - The Salt Lake Tr‚Ä¶ ",117
931,tj1219,81137849,Kyler Knows - Kyler Murray has the better stats vs Tua in all categories. Alabama would probably be winning even wi‚Ä¶ ,117
932,tj1219,81137849,"Hey Kyler I didn‚Äôt know you had that six pack. üò±
Kyler Murray recreates iconic Bo Jackson photo |‚Ä¶ ",99
933,tj1219,81137849,Cleveland Browns Legend Tells Great Story About An Atrocious Johnny Manziel Practice | The Daily Caller ,104
934,tj1219,81137849,"Joe Schobert, Myles Garrett top Browns top-graded defenders at bye ",67
936,tj1219,81137849,"Great article about Baker and the @Browns on how well Baker did against the Falcons:
Baker Mayfield: How he's using‚Ä¶ ",117
937,tj1219,81137849,Well this sucks for the @Browns. We got a win and now drop down 10 spots getting another #1 draft spot. Everything‚Ä¶ ,116
939,OurGuche,83951797,In subway yesterday with one of the lads from work and he was told he couldn‚Äôt get two sauces on his wrap because t‚Ä¶ ,117
940,OurGuche,83951797,I know joe Cole was a good player but the memory that sticks out most for me has to be his Liverpool debut. Poor Ko‚Ä¶ ,117
941,leighpturner,188820541,I owe a big thank you to @TomDaley1994 as I now have some booty after years of doing squats thinking that‚Äôs all I n‚Ä¶ ,117
944,word_34,376876772,Right-wing extremist Proud Boys forced to walk home from Philadelphia rally after taxi/uber/lyft drivers refuse them ,117
945,word_34,376876772,Arkansas GOP rep gets brutally roasted after claiming 'being poor is a choice' ,79
946,word_34,376876772,Seahawks QB Russell Wilson has proven he‚Äôs a legitimate MVP candidate ,70
947,word_34,376876772,"'Illegal, Unheard of, Highly Suspicious': Where Is Matthew Whitaker's Financial Disclosure Form? ",97
949,word_34,376876772,Shocked Squirrel and Shy Owl Shine in Wildlife Comedy Photos ,61
950,word_34,376876772,The House Science Committee Is Back in Democrat's Control: What That Means for Science ,87
951,word_34,376876772,"Italian Physicists Wrote a 'Perfect Pizza' Equation, Because Not All Heroes Wear Capes ",87
952,word_34,376876772,North America's Oldest Mummy Sheds Light on Ancient Migrations ,63
953,word_34,376876772,"Warmer, Wetter Than Usual Winter Headed for Much of US ",55
954,word_34,376876772,"Eerie Skyglow Called 'Steve' Isn't an Aurora, Is 'Completely Unknown' to Science ",81
955,word_34,376876772,Ice Age Cave Art Found Under Layers of Centuries-Old Graffiti ,62
956,word_34,376876772,Scientists Find a Strange New Cell in Human Brains: The 'Rosehip Neuron' ,73
957,word_34,376876772,"Lab-Grown Mini Kidneys 'Go Rogue,' Sprout Brain and Muscle Cells ",65
958,word_34,376876772,House Republicans protest LGBT protection in Mexico-Canada trade deal ,70
960,word_34,376876772,Observations from Mariana Trench Show Inner Earth Is Sucking Up Far More Water Than Previously Thought ,103
961,word_34,376876772,First Major Rain in Centuries Triggers Wave of Death in Earth's Driest Desert ,78
962,word_34,376876772,"Upsettingly Large Fungus in Michigan Weighs 440 Tons and Is 2,500 Years Old ",76
963,word_34,376876772,Bizarre Microbes Represent a Major New Branch on the Evolutionary Family Tree ,78
965,davestravelpage,28688879,Looking back to cycling from England to South Africa .... Cycling from Strasbourg to Blaustein - Update 4 cycling E‚Ä¶ ,117
966,davestravelpage,28688879,A blog post from cycling from Alaska to Argentina: Cycling Bell 2 to Meziadin Junction in Canada | More bears in Ca‚Ä¶ ,117
972,davestravelpage,28688879,A post from when I cycled from England to South Africa: Cycling from Charleville Mezziers to Strasbourg - Travelogu‚Ä¶ ,117
973,helenbriggs79,582937041,"Saturday run, 6 months ago Lydia didn‚Äôt run, she came out with me to keep me company and found a new love üíï #run‚Ä¶ ",114
974,helenbriggs79,582937041,Today‚Äôs creations üéÉ #halloweenprep ,35
976,helenbriggs79,582937041,"At the  @PrincesTrust event in Leeds, so very humbled to be here and present an award from @DellEMC ! Good luck to‚Ä¶ ",116
980,geanieus,17769929,TABATA sixpack workout ,23
981,geanieus,17769929,Amen! ,6
983,geanieus,17769929,"Beautiful! ‚ô°

Wishing you all a very happy weekend. :) ",55
985,geanieus,17769929,&lt;3 ,6
986,geanieus,17769929,Just wonderful! &lt;3 ,22
988,geanieus,17769929,You just need to from 10 to 15 reps of each exercise in the order listed below. ,80
993,geanieus,17769929,Bob Harper legs workout ,24
994,geanieus,17769929,"What does protein do?
‚Ä¢ Repairs muscles, bones, skin, and your hair
‚Ä¢ Supports your hormones
‚Ä¢ Provides your body w‚Ä¶ ",117
995,geanieus,17769929,Yummy and healthy! ;) ,22
998,AskTheTeatender,2379393926,This is one of our most delicous fruity black teas-&gt; Mahamosa Jackfruit Delight Tea 2 oz - .‚Ä¶ ,97
1006,AskTheTeatender,2379393926,Mahamosa Decaffeinated Green Tea Loose Leaf (Looseleaf) - Earl Grey Fancy OP  via @amazon‚Ä¶ ,91
1007,AskTheTeatender,2379393926,"Mahamosa Chocolate Chai Decaf Tea 2 oz (with chocolate, green cardamom, cinna...  via‚Ä¶ ",87
1009,AskTheTeatender,2379393926,"Mahamosa Chocolate Chai Decaf Tea 2 oz (with chocolate, green cardamom, cinna...  via‚Ä¶ ",87
1011,AskTheTeatender,2379393926,Mahamosa Decaffeinated Green Tea Loose Leaf (Looseleaf) - Earl Grey Fancy OP  via @amazon‚Ä¶ ,91
1014,Gianni862,250524643,Saturday #Muggs ,16
1017,Gianni862,250524643,#BestInk ,9
1018,Gianni862,250524643,Saturday #Muscle ,17
1019,Gianni862,250524643,Weekend #Cigar ,15
1023,Gianni862,250524643,Men with #Tools ,16
1027,MyGoodPlanet,4702987042,"A plunge into icy temperatures not only triggers several processes in the body to keep it warm, but also increases‚Ä¶ ",116
1028,MyGoodPlanet,4702987042,"Mae Carol Jemison is an American engineer, physician and #NASA astronaut. She became the first African American wom‚Ä¶ ",117
1029,MyGoodPlanet,4702987042,These teen sisters are doing amazing work to try and tackle plastic waste in the oceans.  ‚Ä¶‚Ä¶ ,93
1030,MyGoodPlanet,4702987042,Compassion fatigue has been described as the convergence of the secondary traumatic stress and the burnout caused b‚Ä¶ ,117
1032,MyGoodPlanet,4702987042,"Leonard Cohen's Hallelujah remains the Canadian poet's most covered song, but there's something truly special about‚Ä¶ ",117
1033,MyGoodPlanet,4702987042,"Life will go on after humans. That‚Äôs the basic premise of the latest Moby video, Falling Rain and Light, taken from‚Ä¶ ",117
1035,MyGoodPlanet,4702987042,"NASA recently retired the Kepler space observatory, but its legacy should never be forgotten‚Ä¶ ",94
1037,MyGoodPlanet,4702987042,It is estimated that around 2.25 billion cups of coffee are consumed globally every day. 16 billion disposable coff‚Ä¶ ,117
1038,MyGoodPlanet,4702987042,"We're delighted to see supermarkets begin to change the trend of plastic dependency.
 ‚Ä¶
We'v‚Ä¶ ",94
1039,MyGoodPlanet,4702987042,‚ÄúThere are some places on this planet that are meant to stay raw and wild and not destroyed by humanity‚Äôs footprint‚Ä¶ ,117
1040,MyGoodPlanet,4702987042,"Stan Lee leaves a legacy of comic book creations, changing the face of the medium. One thing he also did, was show‚Ä¶ ",116
1041,MyGoodPlanet,4702987042,"Saoirse Ronan and hundreds of celebrities support fur farming ban in Ireland
 ",78
1042,MyGoodPlanet,4702987042,"Moby is a lifelong vegan,  animal rights activist, and environmentalist. 100% of profits from his #vegan ""Little Pi‚Ä¶ ",117
1043,MyGoodPlanet,4702987042,"Matthieu Ricard is a Buddhist Monk, #conservationist, author and thinker whose book A Plea for the Animals is set t‚Ä¶ ",117
1044,heathwblack,14092439,It‚Äôs really difficult to be a composed parent when your kid shows you the Rocket Ship he's been drawing... ,107
1045,HolmStudioPT,524767952,"Making your morning hustle fun with Bootcamp Bingo! Perfect for an at home workout! 

The winner gets an avocado ü•ë
",115
1049,HolmStudioPT,524767952,"Saturday mornings are for bootcamp! üí™üèº
 ",40
1050,HolmStudioPT,524767952,Taylor Rose Godfrey graduating yoga teacher training please come out to support her ‚ú®üôèüèº‚ú® ,89
1052,HolmStudioPT,524767952,Crushing that TRX tonight at #bootcamp! üí™üèº ,43
1053,HolmStudioPT,524767952,üéÉ Happy Halloween!! üéÉ ,22
1054,HolmStudioPT,524767952,Hmmm...new ab routine? ü¶à #dododododo ,37
1056,HolmStudioPT,524767952,Which pup are you today? ,25
1057,HolmStudioPT,524767952,"One week ago Erin completed her 2nd IronMan! 
Yes....her 2nd!!! In wicked weather too!
We are so incredibly proud o‚Ä¶ ",117
1058,HolmStudioPT,524767952,"‚ÄúYou are worth it‚Äù
...We are always amazed at the amazing people who come here as members, train, work and lead her‚Ä¶ ",117
1060,HolmStudioPT,524767952,Monday Night Spin! ,19
1062,HolmStudioPT,524767952,Curtis CRUSHING that box jump at bootcamp! üí• ,45
1063,HolmStudioPT,524767952,Kathy rockin‚Äô it ,17
1064,djmellot,161717980,Back n da place!-in yo face planet fitness!!!  ,47
1066,djmellot,161717980,WHO DOES IT LIKE THIS!!NO ONE BUT MELLO #vote2018  ,51
1070,djmellot,161717980,I had the measure of hanging out with these Halloween queens today trick or treatttt!!!#halloween2018‚Ä¶ ,103
1071,djmellot,161717980,Only @H.U.  MY BLACK PANTHER CUTIE HU U KNOW 2018  ,51
1072,djmellot,161717980,"DJ flex DJ mello t DJ dangerous d in da building bitch l
1
1w  ",63
1073,djmellot,161717980,Send this to my sista meeka one of ur Army girls @the game  ,60
1084,geardiary,11397432,"Once Again, Facebook Is Not Your Friend ",40
1085,geardiary,11397432,Withings Pulse HR Updates a Favorite Fitness Tracker ,53
1086,geardiary,11397432,Mujjo‚Äôs Leather iPhone XS Max Case Is Better Than Apple‚Äôs ,58
1087,geardiary,11397432,The ABDO AEE MACH 1 Drone Is Flying Fun for Everyone ,53
1088,geardiary,11397432,TwelveSouth PowerPic Is a Picture-Perfect Wireless Charging Stand ,66
1090,geardiary,11397432,TCL 6-Series TVs: This 4k HDR TV Is the Most Bang for your Buck  ,65
1092,geardiary,11397432,Sleeep Earplugs Let You ‚ÄúEnjoy the Silence‚Äù ,44
1094,geardiary,11397432,Nomad‚Äôs Gorgeous Leather Solution to Protect Your Airpods ,58
1095,geardiary,11397432,The Desk Version of the Scosche MagicMount Pro Charge Is the Wireless Charger You Need to Have ,95
1096,AuFitneeWorkout,354670803,Today's hit Fitness YouTube Video in Australia.„ÄåPower Music Workout„Äç's „ÄéGive Me Everything (Workout Mix 142 BPM)„Äè ,114
1117,Jenny_Workout,1448603700,Adonis Belt Workout  ,21
1118,Jenny_Workout,1448603700,Clean Eating Grocery List for 1  ,33
1119,Jenny_Workout,1448603700,Torch Fat in 20 Minutes Flat  ,30
1120,Jenny_Workout,1448603700,Best 3 All-Over Toning Workouts  ,33
1121,Jenny_Workout,1448603700,Summer Legs in 15 Minutes  ,27
1122,Jenny_Workout,1448603700,Body Beautiful Workout  ,24
1124,Jenny_Workout,1448603700,"Live, Love, Lose. 3 Emotional Reasons You‚Äôre Not Losing Weight  ",64
1126,Jenny_Workout,1448603700,Reader Recipe ‚Äì Almond Cookie Dough Bars  ,42
1127,Jenny_Workout,1448603700,Fat Blasting Belly Sculpting Workout  ,38
1131,Jenny_Workout,1448603700,Roll with the Punches-TABOXING!  ,33
1135,Jenny_Workout,1448603700,Lose Fat with HIIT ‚Äì 5 Fat-Burning Workouts  ,45
1136,xpandurpossible,534854375,"Happy Saturday!!
I know it's the weekend but don't sit on the couch all day!
Training tip: Balance is crucial.
I lo‚Ä¶ ",117
1137,xpandurpossible,534854375,"Taken today near Fairbanks. Winter has come to Alaska, and in one week I'll be on my way there, ready to play in th‚Ä¶ ",117
1138,xpandurpossible,534854375,"Take 30 seconds today. 
Stop what you're doing.
Close your eyes, take a deep breath, and let some of that calm in.‚Ä¶ ",116
1140,xpandurpossible,534854375,I added a video to a @YouTube playlist  New Show Intro!,55
1151,_Lizzie_Brooks_,553188919,Most of you know that I teach with a focus on brain health. So I was truly delighted when #brainjuice offered to sp‚Ä¶ ,117
1152,_Lizzie_Brooks_,553188919,Happy hour yoga was a hit and a half with all of these exuberant souls! Thank you for being part of the first of ma‚Ä¶ ,117
1156,_Lizzie_Brooks_,553188919,"#Repost @yogayogaaustin with get_repost
„Éª„Éª„Éª
Lizzie Brooks (@LizzieBYoga), our resident guru on all things goofy and‚Ä¶ ",117
1160,_Lizzie_Brooks_,553188919,"Do I look happy here? There‚Äôs a reason...
GIRLS JUST WANNA HAVE FUN: Yoga Happy Hour is in ONE week!  YogaYoga West‚Ä¶ ",117
1161,_Lizzie_Brooks_,553188919,Love this movable modification of rabbit pose! You won‚Äôt believe how much tension you hold around your skull! If yo‚Ä¶ ,117
1162,_Lizzie_Brooks_,553188919,Come to my HAPPY HOUR YOGA monthly series starting in two weeks! üéâAnd please read the article I wrote for‚Ä¶ ,107
1163,_Lizzie_Brooks_,553188919,I‚Äôm SOOOOO excited! I‚Äôm teaching HAPPY HOUR YOGA one Friday a month @ YogaYoga Westlake!  Remind yourself how to ha‚Ä¶ ,117
1164,_Lizzie_Brooks_,553188919,Vote. #vote @ Hill Country Galleria ,36
1167,_Lizzie_Brooks_,553188919,Changing it up on the stair climber! Why just step when you can look like a lunatic? Getting to different parts of‚Ä¶ ,116
1169,_Lizzie_Brooks_,553188919,A silly tune for a serious core workout! You asked for some new moves and here they are! Let me know how it goes!‚Ä¶ ,115
1170,mikerol69,16100794,President Donald Trump on Wednesday indicated during an interview that he tapped former US attorney Matthew Whitake‚Ä¶ ,117
1171,mikerol69,16100794,Using a criminal indictment to muscle Assange into telling all he knows about the provenance of the stolen emails a‚Ä¶ ,117
1172,mikerol69,16100794,Border Wall Completed in Southern NM | SWEC ,44
1174,mikerol69,16100794,"epending on the facts, the case against Mr. Assange could set a precedent further chilling investigative journalism. ",117
1175,mikerol69,16100794,A RARE SEATTLE VISTA POST OF  MINE  ,36
1176,mikerol69,16100794,"Trump plans to nominate A , former coal lobbyist, as EPA chief
The plan, announced by President Trump during a Meda‚Ä¶ ",117
1177,mikerol69,16100794,Jewish ghosts visit with Muslims... ,36
1178,mikerol69,16100794,Jews are first mentioned there in the *Passau toll regulations of 906. Their settlement was apparently connected wi‚Ä¶ ,117
1179,mikerol69,16100794,the malibu evacuation area now includes my old hunting ground yerba buena county line to point mugu‚Ä¶ ,101
1180,mikerol69,16100794,"the emperor Nero's increasingly erratic behavior finally lost him all support for his position. The Roman Senate, t‚Ä¶ ",117
1181,mikerol69,16100794,One of the more curious contradictions I have found among Seattlelites is their professed adoration of killer whale‚Ä¶ ,117
1182,mikerol69,16100794,"UNCLE SAM THAT SUPER CRIMINAL IS SO AFEARD OF TRUTH ""Though the legal move against Mr. Assange remained a mystery o‚Ä¶ ",117
1183,mikerol69,16100794,The... ,7
1184,mikerol69,16100794,"Conman Matt Whitaker Hawked Time Travel, Bigfoot Dolls and Toilets For 'Well Endowed' Men  ",91
1185,mikerol69,16100794,"I have posted what will be the final version of version of the  ""First Bombs"" section from Screen Memoies‚Ä¶ ",107
1187,mikerol69,16100794,Gold Butte National Monument... ,32
1188,FarmFairyCrafts,2680729040,Garden Responsibly: Eliminate Plants that Require Excessive Resources &amp; Products that Pollute the Environment. ,115
1189,FarmFairyCrafts,2680729040,"Can the Bacteria in Your Gut Explain Your Mood?

",49
1190,FarmFairyCrafts,2680729040,"Epic #Permaculture Food Forest Here in the US, Mark Shepard has a Prototype 100 Acre Productive/Profitable Model  ",114
1191,FarmFairyCrafts,2680729040,"Soothes Dry, Rough Skin. Lavender Calendula Infused Shea &amp; #Aloe Cream:  ",77
1192,FarmFairyCrafts,2680729040,"Bioactivities of Shea Kernels:


 ",34
1194,FarmFairyCrafts,2680729040,Seralini‚Äôs Team Wins Defamation &amp; Forgery Court Cases on #GMO &amp; Pesticide Research:  ,93
1195,FarmFairyCrafts,2680729040,"Solstice Farm Heirloom Tomato Seeds Organically Grown, Non-GMO: ",64
1197,FarmFairyCrafts,2680729040,"Do these eight things and you will be more creative and insightful, neuroscientists say ",88
1199,FarmFairyCrafts,2680729040,"Luxurious Lavender Calendula Cream Organic, Eye Gel, Hair Mask 4 Dry Hair, Soothes Dry Skin: ttp://amzn.to/2c9LzWW ",115
1201,FarmFairyCrafts,2680729040,Evidence of Digestive Harm 2 Animals Fed #GMO:   ,49
1203,bretrg771,3343031392,"USA cement, concrete cutter mid-large size comm-resid contractor A+, In Nationwide,  FAQ‚Äôs‚Ä¶ ",92
1205,bretrg771,3343031392,"We notarize mortgage docs get quick Statewide quote, get increment cred ",72
1211,jonathanpatz,306854368,State of the #Bike Walk Union: Here Are the Statistics | Momentum Mag ,70
1215,jonathanpatz,306854368,The unseen driver behind the migrant caravan: #climate change ,62
1216,jonathanpatz,306854368,"Will One State Go It Alone to Make Polluters Pay? 
Looks like #carbonpricing (""fee &amp; dividen‚Ä¶ ",98
1218,jonathanpatz,306854368,The Trump administration just approved a plan to drill for #oil in Alaska‚Äôs federal waters. It‚Äôs a major first.‚Ä¶ ,113
1220,Ryback22,26136956,Now available on  Never have trouble falling asleep and staying asleep again. GTS Go To Slee‚Ä¶ ,94
1221,Ryback22,26136956,So true! #FeedMeMore üòä@CWTBG ,29
1222,Ryback22,26136956,Conversation with the Big Guy Episode 115: Shooting with The Anabolic Doc on Apple Podcasts. Must listen for Fitnes‚Ä¶ ,117
1229,MCAlviz,125993560,"Braces tightening time again! (@ Myra C. Luna, D.D.S., Inc. Family Dentistry in Anaheim, CA) ",93
1231,MCAlviz,125993560,"OMG! I‚Äôm gonna see you @robynkonichiwa for the first time ever! See you here in LA Feb. 23, 2019! I‚Äôm so stoked! üíõ ",115
1232,MCAlviz,125993560,"Got my tickets to the Anaheim show June 25, 2019! See you @thisisLANY @pauljasonklein ü§ó ",88
1233,MCAlviz,125993560,Happy to be me! #ProudLGBTQ ,28
1234,dominicmunnelly,226071613,"Fairly rubbish at these but excellent for strengthening rotator cuff muscles so I‚Äôll persist 

#thewayofdom‚Ä¶ ",109
1235,dominicmunnelly,226071613,The guys in today from our semi private group hitting partner core drops which is an excellent way to test how inte‚Ä¶ ,117
1236,dominicmunnelly,226071613,"Two variations of an excellent exercise to strengthen hip flexors and hits the hamstrings also. 
Give it a go and p‚Ä¶ ",117
1237,dominicmunnelly,226071613,See so much of this right now in the Fitness industry ,54
1238,dominicmunnelly,226071613,"The girls hitting some nice hang time on #handstands 
Very good demonstration of body control, shoulder mobility an‚Ä¶ ",117
1239,dominicmunnelly,226071613,"Will definitely be back to @shleebaha 
well run and myself and @thejackwise really enjoyed it and felt super afterw‚Ä¶ ",117
1240,dominicmunnelly,226071613,"really good for hip flexors, if the area you've got issues in isnt responding to stretching then strengthen it more‚Ä¶ ",117
1241,dominicmunnelly,226071613,Box jump variation you might want to try and the difference between box jumps for plyos vs metabolic tool‚Ä¶ ,107
1242,dominicmunnelly,226071613,"Most people are quite weak in the glute and hamstring area, this is a very important exercise to bring those areas‚Ä¶ ",116
1243,dominicmunnelly,226071613,"Skip the kip, strict mainly ",28
1244,dominicmunnelly,226071613,"Thinking....
Just follow everyone @RobbieBourke interviews on his podcast and @OPEXFitness  podcast ",100
1246,Houkench,127308881,"A correr!! (@ LA Fitness in Everett, WA w/ @pinklemmon) ",56
1248,Houkench,127308881,"A darle! (@ LA Fitness in Everett, WA w/ @pinklemmon) ",54
1251,Houkench,127308881,"A correr! (@ LA Fitness in Everett, WA w/ @pinklemmon) ",55
1252,Houkench,127308881,Drinking a Narwhal Imperial Stout by @SierraNevada @ Takocueva ‚Äî ,65
1253,Houkench,127308881,I just earned the 'Heavy Weight (Level 5)' badge on @untappd! ,62
1257,Houkench,127308881,"A comer!! (@ Tavern Hall in Bellevue, WA w/ @pinklemmon) ",57
1278,SJVillaFdn,966683371,"The S.I.M Gym has an exercise program to suit everybody! S.I.M. is a fun, relaxed, state-of-the-art fitness centre‚Ä¶ ",116
1279,SJVillaFdn,966683371,"Holidays for Hospice! 
We are presenting at Amica Great Hall later this month on November 22 on compassionate care-‚Ä¶ ",117
1281,SJVillaFdn,966683371,"Holidays for Hospice! 
We are presenting at Amica Great Hall later this month on November 22 on compassionate care-‚Ä¶ ",117
1283,SJVillaFdn,966683371,"Holidays for Hospice! 
We are presenting at Amica Great Hall later this month on November 22 on compassionate care-‚Ä¶ ",117
1284,SJVillaFdn,966683371,Carpet replacement has begun at St. Joseph' s Villa! We are excited to provide funding to replace all carpeting thr‚Ä¶ ,117
1286,SJVillaFdn,966683371,"Spectator Reader's Choice Awards were announced and  the Villa received the Platinum award this year!  

Thank you‚Ä¶ ",116
1287,SJVillaFdn,966683371,Wishing everyone a safe and fun Halloween! ,43
1289,SJVillaFdn,966683371,"Margaret's Place Hospice will ensure the community has access to the support,  they need, when facing an end-of-lif‚Ä¶ ",117
1292,SJVillaFdn,966683371,"No matter what age, anyone can make a difference. Dr. Doherty's granddaughters love to visit their grandpa at St. J‚Ä¶ ",117
1293,SJVillaFdn,966683371,We are proud to announce the building of a 10-bed residential hospice and community outreach centre on the grounds‚Ä¶ ,116
1294,SJVillaFdn,966683371,We invited St. Mary Secondary School students to participate in a required Mock Evacuation ‚ÄòCode Green‚Äô conducted b‚Ä¶ ,117
1295,SJVillaFdn,966683371,"Quote of the Week!
""Gratitude makes sense of our past, brings peace for today, and creates a vision for tomorrow.""‚Ä¶ ",116
1297,SJVillaFdn,966683371,"Quote of the Week! 
If the only prayer you said in your life was ‚ÄúThank you‚Äù that would suffice."" - Meister Eckhart ",116
1298,okamikai,37283754,Wait for it.... ,16
1299,okamikai,37283754,‚ù§ ,2
1301,okamikai,37283754,Great training today! Thanks so much to Sensei Joe Maadi and Shihan Brian Boris Oguma BigBear Aylward for their ama‚Ä¶ ,117
1303,okamikai,37283754,"Cut, Ripped, Jacked or Swole? Find out where your favorite celebs fall on the scale: 
#cut‚Ä¶ ",92
1305,okamikai,37283754,"In a fitness slump? Don‚Äôt worry - it happens, just don‚Äôt let it keep you down.  Here‚Äôs your guide to getting motiva‚Ä¶ ",117
1307,okamikai,37283754,Thank you. ,11
1310,okamikai,37283754,"Beyond training with us on the mats, here are some exercises that can be worked into your daily routine without hav‚Ä¶ ",117
1311,okamikai,37283754,"Our second installment of ""Moving Forward"" is in the Uxbridge Cosmos this week! An excerpt can be found on our webs‚Ä¶ ",117
1312,okamikai,37283754,Fear of Another¬†Height  ,24
1313,okamikai,37283754,Okami Kai Martial Arts and Fitness Lounge ,42
1315,okamikai,37283754,Hey look! It's us! ,19
1318,Booger_Buns,4749632801,#PS4share ,10
1323,ajmoses44,193249526,Great start to the @MDHSdevils boys basketball season. Seniors win 57-51 over @IanKlein15 and the Juicers. Thanks L‚Ä¶ ,117
1324,ajmoses44,193249526,"Awesome day @LiveWell_4Life today: Firefighter workout, Jacked Up, Blast 30, Sabrecats Track and field.‚Ä¶ ",105
1326,ajmoses44,193249526,"Morning, Mid-day and evening movement: @Beachbody Back to Core, Lunch time Run and @LiveWell_4Life evening volleyba‚Ä¶ ",117
1328,LsBeyondMakeup,1102070832,"You know the saying ""got to be in it to win it""? Each week until Dec 24, one winner will be chosen to receive a hol‚Ä¶ ",117
1331,LsBeyondMakeup,1102070832,Oh my gosh how adorable is this/?!! Too cute üòç ,47
1333,LsBeyondMakeup,1102070832,WooHoo FRIDAY!!! Need I say more?? LOL ,39
1334,LsBeyondMakeup,1102070832,LOVE the tins!! Gotta have one for the lips and one for the cheeks! And don't forget the mini brush set in this gor‚Ä¶ ,117
1335,LsBeyondMakeup,1102070832,"It's Friday Eve, not Thursday silly! Always look on the bright side :) ",71
1341,LsBeyondMakeup,1102070832,Congrats to our Week 2 Winner!! Have you entered for your chance to win yet?? There's a winner every week! Enter on‚Ä¶ ,117
1343,LsBeyondMakeup,1102070832,Seize the day and go out there and own it! ,43
1346,LsBeyondMakeup,1102070832,Hello Tuesday. Lets slay the day! ,34
1347,Marlo_PE,537020775,A year ago today I saw a bunch of white people doing yoga with a white instructor on a beach in India lmao. I hope‚Ä¶ ,116
1348,Marlo_PE,537020775,My parents both got my pup a Sam Smith CD because his voice calms her down lol ,79
1349,Marlo_PE,537020775,This lady is the absolute worst ever. ,38
1350,Marlo_PE,537020775,Happy Halloweekend from the Prague Museum of Medieval Torture üíÄüéÉüòà ,66
